메뉴,식사시간,날짜,식당,타입
순두부김치국. 백미밥. 우동청경채볶음. 상추겉절이. 배추김치,breakfast,2023-12-06,금정회관-학생,1000원의 아침
순두부김치국. 백미밥. 우동청경채볶음. 상추겉절이. 배추김치,breakfast,2023-12-06,금정회관-학생,일반
없음,breakfast,2023-12-06,금정회관-학생,일품
없음,lunch,2023-12-06,금정회관-학생,1000원의 아침
백미밥. 어묵국. 미역무초무침. 배추김치. 잡채동그랑땡케찹. 돈육매콤장조림,lunch,2023-12-06,금정회관-학생,일반
감자탕. 깍두기. 치킨가스머스터드. 봄동겉절이,lunch,2023-12-06,금정회관-학생,일품
없음,dinner,2023-12-06,금정회관-학생,1000원의 아침
두부조림. 닭바베큐소스조림. 백미밥. 버섯된장국. 오이무침. 배추김치,dinner,2023-12-06,금정회관-학생,일반
베이컨훈제오리볶음밥. 닭가슴살샐러드머스터드. 된장국. 요구르트. 배추김치,dinner,2023-12-06,금정회관-학생,일품
함박소스. 조랭이떡국. 순대야채볶음. 백미밥. 열무겉절이. 배추김치,breakfast,2023-12-07,금정회관-학생,1000원의 아침
함박소스. 조랭이떡국. 순대야채볶음. 백미밥. 열무겉절이. 배추김치,breakfast,2023-12-07,금정회관-학생,일반
없음,breakfast,2023-12-07,금정회관-학생,일품
없음,lunch,2023-12-07,금정회관-학생,1000원의 아침
짬뽕국. 비엔나햄볶음. 백미밥. 치킨치즈가스소스. 숙주나물무침. 배추김치,lunch,2023-12-07,금정회관-학생,일반
꼬치어묵우동. 돈육김치주먹밥. 배추김치,lunch,2023-12-07,금정회관-학생,일품
없음,dinner,2023-12-07,금정회관-학생,1000원의 아침
알감자조림. 백미밥. 바지락살미역국. 꿔바로우소스. 청경채겉절이. 배추김치,dinner,2023-12-07,금정회관-학생,일반
돼지국밥사리. 백미밥. 생선가스소스. 깍두기. 부추겉절이,dinner,2023-12-07,금정회관-학생,일품
