작성일,공지
2023.11.23,[일반공지][장학] 2024학년도 1학기 국가장학금 1차 신청 안내
2023.11.23,[일반공지][공지] 2024학년도 학과 명칭 변경 예고
2023.10.06,[일반공지][상담] 2023학년도 2학기 지도교수상담 시행 안내
2023.08.01,[일반공지][수업] 2023학년도 2학기 수강신청 대비 수강지도
2023.03.06,[일반공지][수업] 2학년 실험 과목 개설 학기 변경 예고(2024학년도부터)
2023.03.02,[일반공지][졸업영어] (2023.3.1 시행)부산대학교 영어 능력 졸업인증제도 시행 지침 안내
2023.12.05,[취업전략과] 2023학년도 겨울방학 진로부트캠프(온라인) 모집새글
2023.12.05,[LINC 3.0] 부산권 파워반도체인재양성센터 센서트랙 교육생 모집새글
2023.12.05,[장학] 2024학년도 제11기 운해장학재단 장학생 선발(12/6일까지)새글
2023.12.05,[수업] 2023학년도 겨울계절수업 2차 폐강강좌 통보 및 수강정정 알림새글
2023.12.01,"[공과대학] ""공공쓰""와 함께 하는 기말고사 간식 나눔 행사 안내새글"
2023.11.30,2024학년도 수시모집 면접고사 시행에 따른 건물 출입 통제(12/2 11:30~15:30새글
2023.11.30,[해외파견] 2024학년도 1학기 글로벌역량강화 기본과정(어학연수) 3차 선발새글
2023.11.29,2023학년도 학부 신입생 온라인 도서관 이용교육 추가 실시(12월) 안내새글
2023.11.29,"[졸업과제] 2024년 4학년 졸업과제 조편성(공학설계과제 I,II 수강을 위해 필수)새글"
2023.11.28,[입시] 2024학년도 일반대학원 전기 모집 시행-전기전자공학과
