메뉴,식사시간,날짜,식당,타입
닭감자조림. 김치옥수수전. 백미밥. 시락국. 콩나물무침. 배추김치,breakfast,2023-12-04,금정회관-학생,1000원의 아침
닭감자조림. 김치옥수수전. 백미밥. 시락국. 콩나물무침. 배추김치,breakfast,2023-12-04,금정회관-학생,일반
돈육불고기. 백미밥. 북어콩나물국. 참치야채무침. 배추김치,lunch,2023-12-04,금정회관-학생,일반
삼겹살김치볶음밥. 고구마고로케. 된장국. 야채샐러드. 깍두기,lunch,2023-12-04,금정회관-학생,일품
스팸돈가스마요. 배추장국. 야채샐러드드레싱. 배추김치,dinner,2023-12-04,금정회관-학생,일품
순대떡볶음. 순살치킨깐풍소스. 모듬햄김치국. 백미밥. 깍두기. 상추겉절이,dinner,2023-12-04,금정회관-학생,일반
닭개장. 백미밥. 계란찜. 청경채겉절이. 배추김치. 탕수육소스,breakfast,2023-12-05,금정회관-학생,1000원의 아침
닭개장. 백미밥. 계란찜. 청경채겉절이. 배추김치. 탕수육소스,breakfast,2023-12-05,금정회관-학생,일반
견과류. 조랭이떡국. 데리야끼강정. 강황밥. 닭갈비. 두부. 배추김치. 봄동겉절이,lunch,2023-12-05,금정회관-학생,일반
고기국수. 부추겉절이. 배추김치,lunch,2023-12-05,금정회관-학생,일품
돈육김치덮밥. 고구마맛탕. 된장국. 단무지,dinner,2023-12-05,금정회관-학생,일품
백미밥. 쇠고기무국. 사각어묵조림. 언양식떡갈비소스. 열무겉절이. 배추김치,dinner,2023-12-05,금정회관-학생,일반
순두부김치국. 백미밥. 우동청경채볶음. 상추겉절이. 배추김치,breakfast,2023-12-06,금정회관-학생,일반
순두부김치국. 백미밥. 우동청경채볶음. 상추겉절이. 배추김치,breakfast,2023-12-06,금정회관-학생,1000원의 아침
감자탕. 깍두기. 치킨가스머스터드. 봄동겉절이,lunch,2023-12-06,금정회관-학생,일품
백미밥. 어묵국. 미역무초무침. 배추김치. 잡채동그랑땡케찹. 돈육매콤장조림,lunch,2023-12-06,금정회관-학생,일반
두부조림. 닭바베큐소스조림. 백미밥. 버섯된장국. 오이무침. 배추김치,dinner,2023-12-06,금정회관-학생,일반
베이컨훈제오리볶음밥. 닭가슴살샐러드머스터드. 된장국. 요구르트. 배추김치,dinner,2023-12-06,금정회관-학생,일품
함박소스. 조랭이떡국. 순대야채볶음. 백미밥. 열무겉절이. 배추김치,breakfast,2023-12-07,금정회관-학생,1000원의 아침
함박소스. 조랭이떡국. 순대야채볶음. 백미밥. 열무겉절이. 배추김치,breakfast,2023-12-07,금정회관-학생,일반
짬뽕국. 비엔나햄볶음. 백미밥. 치킨치즈가스소스. 숙주나물무침. 배추김치,lunch,2023-12-07,금정회관-학생,일반
꼬치어묵우동. 돈육김치주먹밥. 배추김치,lunch,2023-12-07,금정회관-학생,일품
알감자조림. 백미밥. 바지락살미역국. 꿔바로우소스. 청경채겉절이. 배추김치,dinner,2023-12-07,금정회관-학생,일반
돼지국밥사리. 백미밥. 생선가스소스. 깍두기. 부추겉절이,dinner,2023-12-07,금정회관-학생,일품
감자수제비국. 볼어묵조림. 백미밥. 오이무침. 배추김치. 깐풍기소스,breakfast,2023-12-08,금정회관-학생,일반
감자수제비국. 볼어묵조림. 백미밥. 오이무침. 배추김치. 깐풍기소스,breakfast,2023-12-08,금정회관-학생,1000원의 아침
물만두국. 깍두기. 돈가스김치나베,lunch,2023-12-08,금정회관-학생,일품
돈육바삭불고기. 만두국. 마파두부. 현미밥. 콩나물무침. 배추김치,lunch,2023-12-08,금정회관-학생,일반
치즈돈가스. 백미밥. 야채샐러드. 배추김치,dinner,2023-12-08,금정회관-학생,일품
떡볶이. 새우가스머스터드. 백미밥. 오징어야채무침. 참치김치국. 석박지,dinner,2023-12-08,금정회관-학생,일반
